Weekend,TW,LW,Title (click to view),Studio,Weekend Gross,% Change,Theater Count,Change,Average,Total Gross,Budget*,Week #
2019-09-13,1,1,It: Chapter Two,WB (NL),"$40,735,000 ",-55.30%,"4,570",-,"$8,914 ","$153,803,524 ",-,2
2019-09-13,2,N,Hustlers,STX,"$33,230,000 ",-,"3,250",-,"$10,225 ","$33,230,000 ",$20 ,1
2019-09-13,3,2,Angel has Fallen,LGF,"$4,400,000 ",-26.50%,"3,076",-153,"$1,430 ","$60,380,418 ",$40 ,4
2019-09-13,4,3,Good Boys,Uni.,"$4,260,000 ",-22.30%,"2,736",-457,"$1,557 ","$73,316,735 ",$20 ,5
2019-09-13,5,4,The Lion King (2019),BV,"$3,555,000 ",-17.80%,"2,365",-245,"$1,503 ","$533,992,775 ",$260 ,9
2019-09-13,6,5,Fast & Furious Presents: Hobbs & Shaw,Uni.,"$2,770,000 ",-27.30%,"2,050",-249,"$1,351 ","$168,317,320 ",$200 ,7
2019-09-13,7,6,Overcomer,Affirm,"$2,735,000 ",-26.30%,"2,293",140,"$1,193 ","$28,987,768 ",$5 ,4
2019-09-13,8,N,The Goldfinch,WB,"$2,640,000 ",-,"2,542",-,"$1,039 ","$2,640,000 ",$45 ,1
2019-09-13,9,11,The Peanut Butter Falcon,RAtt.,"$1,921,127 ",-9.80%,"1,490",180,"$1,289 ","$15,043,769 ",-,6
2019-09-13,10,7,Dora and the Lost City of Gold,Par.,"$1,850,000 ",-21.10%,"1,348",-440,"$1,372 ","$56,743,567 ",$49 ,6
2019-09-13,11,9,Scary Stories to Tell in the Dark,LGF,"$1,725,000 ",-24.90%,"1,494",-607,"$1,155 ","$64,464,086 ",$25 ,6
2019-09-13,12,14,Brittany Runs a Marathon,Amazon,"$1,550,339 ",49.60%,757,527,"$2,048 ","$3,805,310 ",-,4
2019-09-13,13,10,Once Upon a Time in Hollywood,Sony,"$1,535,000 ",-29.10%,957,-445,"$1,604 ","$136,906,627 ",$90 ,8
2019-09-13,14,12,The Angry Birds Movie 2,Sony,"$1,200,000 ",-29.80%,"1,184",-670,"$1,014 ","$39,640,502 ",$65 ,5
2019-09-13,15,8,Ready or Not,FoxS,"$941,000 ",-59.30%,"1,095","-1,255",$859 ,"$27,685,177 ",$6 ,4
2019-09-13,16,32,Linda Ronstadt: The Sound of My Voice,Greenwich,"$734,636 ",548.80%,220,213,"$3,339 ","$889,879 ",-,2
2019-09-13,17,13,Spider-Man: Far from Home,Sony,"$665,000 ",-46.30%,710,-723,$937 ,"$389,199,554 ",$160 ,11
2019-09-13,18,26,Official Secrets,IFC,"$571,560 ",158.50%,330,326,"$1,732 ","$957,071 ",-,3
2019-09-13,19,18,47 Meters Down: Uncaged,ENTMP,"$451,000 ",-39.40%,537,-438,$840 ,"$21,562,972 ",$12 ,5
2019-09-13,20,20,Toy Story 4,BV,"$439,000 ",-19.80%,410,-230,"$1,071 ","$432,395,259 ",-,13
2019-09-13,21,19,Chhichhore,FIP,"$419,000 ",-31.80%,195,-,"$2,149 ","$1,317,575 ",-,2
2019-09-13,22,21,The Art of Racing in the Rain,Fox,"$290,000 ",-42.70%,473,-267,$613 ,"$25,791,224 ",-,6
2019-09-13,23,24,The Farewell,A24,"$263,975 ",-34.20%,229,-139,"$1,153 ","$17,140,985 ",-,10
2019-09-13,24,22,Tod@s Caen,PNT,"$220,000 ",-53.40%,211,-160,"$1,043 ","$2,458,503 ",-,3
2019-09-13,25,25,Aladdin (2019),BV,"$215,000 ",-17.40%,179,-19,"$1,201 ","$355,088,567 ",$183 ,17
2019-09-13,26,29,Luce,Neon,"$71,000 ",-54.90%,115,-68,$617 ,"$1,853,181 ",-,7
2019-09-13,27,28,After the Wedding (2019),SPC,"$56,105 ",-72.20%,96,-187,$584 ,"$1,504,748 ",-,6
2019-09-13,28,38,Miles Davis: Birth of Cool,Abr.,"$55,472 ",-4.60%,24,8,"$2,311 ","$242,651 ",-,4
2019-09-13,29,33,Mission Mangal,FIP,"$50,000 ",-55.00%,43,-51,"$1,163 ","$3,652,774 ",-,5
2019-09-13,30,35,Maiden,SPC,"$44,001 ",-48.10%,70,-38,$629 ,"$3,052,928 ",-,12
2019-09-13,31,N,Monos,Neon,"$43,285 ",-,5,-,"$8,657 ","$43,285 ",-,1
2019-09-13,32,30,Midsommar,A24,"$38,113 ",-74.00%,50,-184,$762 ,"$27,370,090 ",-,11
2019-09-13,33,42,Honeyland,Neon,"$32,088 ",-35.80%,46,-10,$698 ,"$532,181 ",-,8
2019-09-13,34,43,David Crosby: Remember My Name,SPC,"$26,522 ",-46.60%,67,1,$396 ,"$646,254 ",-,9
2019-09-13,35,49,Give Me Liberty,MBox,"$20,251 ",-17.80%,17,4,"$1,191 ","$159,546 ",-,4
2019-09-13,36,44,Before You Know It (2019),1091,"$15,892 ",-61.90%,28,-3,$568 ,"$108,177 ",-,3
2019-09-13,37,53,Aquarela,SPC,"$14,034 ",-38.60%,20,-3,$702 ,"$207,004 ",-,5
2019-09-13,38,58,Ms. Purple,Osci.,"$13,650 ",-13.20%,4,3,"$3,413 ","$31,878 ",-,2
2019-09-13,39,65,Edie,MBox,"$10,797 ",22.70%,9,2,"$1,200 ","$26,446 ",-,2
2019-09-13,40,45,Bennett's War,FF,"$8,892 ",-77.30%,55,-235,$162 ,"$758,921 ",-,3
2019-09-13,41,N,Moonlight Sonata: Deafness in Three Movements,Abr.,"$7,120 ",-,1,-,"$7,120 ","$7,120 ",-,1
2019-09-13,42,N,One Cut of the Dead,Vari.,"$6,200 ",-,2,-,"$3,100 ","$6,200 ",-,1
2019-09-13,43,N,The Sound of Silence,IFC,"$6,148 ",-,2,-,"$3,074 ","$6,148 ",-,1
2019-09-13,44,N,Cracked Up,Abr.,"$5,580 ",-,1,-,"$5,580 ","$5,580 ",-,1
2019-09-13,45,N,Desolation Center,Mats.,"$5,356 ",-,3,-,"$1,785 ","$5,356 ",-,1
2019-09-13,46,76,Free Trip to Egypt,INDEP,"$1,975 ",-16.80%,5,-,$395 ,"$45,340 ",-,16
2019-09-06,26,43,Official Secrets,IFC,"$221,076 ",240.30%,4,-,"$55,269 ","$318,859 ",-,2
2019-09-06,1,N,It: Chapter Two,WB (NL),"$91,062,152 ",-,"4,570",-,"$19,926 ","$91,062,152 ",-,1
2019-09-06,32,N,Linda Ronstadt: The Sound of My Voice,Greenwich,"$113,235 ",-,7,-,"$16,176 ","$113,235 ",-,1
2019-09-06,57,N,Mr. Klein (2019 re-release),Rialto,"$15,915 ",-,1,-,"$15,915 ","$15,915 ",-,1
2019-09-06,58,N,Ms. Purple,Osci.,"$15,734 ",-,1,-,"$15,734 ","$15,734 ",-,1
2019-09-06,52,81,End of the Century (2019),CGld,"$23,503 ",1345.40%,3,2,"$7,834 ","$23,503 ",-,4
2019-09-06,15,20,Ne Zha,WGUSA,"$888,868 ",-12.50%,135,69,"$6,584 ","$2,670,710 ",-,2
2019-09-06,14,27,Brittany Runs a Marathon,Amazon,"$1,036,186 ",149.20%,230,182,"$4,505 ","$1,902,218 ",-,3
2019-09-06,16,44,Annabelle Comes Home,WB (NL),"$807,482 ",1219.10%,214,113,"$3,773 ","$73,608,458 ",-,11
2019-09-06,38,54,Miles Davis: Birth of Cool,Abr.,"$58,120 ",59.50%,16,14,"$3,633 ","$154,144 ",-,3
2019-09-06,19,N,Chhichhore,FIP,"$614,335 ",-,195,-,"$3,150 ","$614,335 ",-,1
2019-09-06,55,-,Heading Home: The Tale of Team Israel,Men.,"$19,300 ",-,7,-,"$2,757 ","$193,986 ",-,33
2019-09-06,66,76,Line Walker 2 Invisible Spy,WGUSA,"$7,679 ",206.30%,3,-5,"$2,560 ","$283,291 ",-,4
2019-09-06,75,N,Aga,BWP,"$2,553 ",-,1,-,"$2,553 ","$3,531 ",-,1
2019-09-06,39,36,Raise Hell: The Life & Times of Molly Ivins,Magn.,"$55,764 ",-41.00%,22,4,"$2,535 ","$196,836 ",-,2
2019-09-06,49,53,Give Me Liberty,MBox,"$24,648 ",-33.80%,13,4,"$1,896 ","$129,748 ",-,3
2019-09-06,2,1,Angel has Fallen,LGF,"$5,990,157 ",-49.20%,"3,229",-107,"$1,855 ","$53,450,658 ",$40 ,3
2019-09-06,6,6,Overcomer,Affirm,"$3,712,762 ",-34.50%,"2,153",326,"$1,724 ","$24,668,925 ",$5 ,3
2019-09-06,3,2,Good Boys,Uni.,"$5,479,460 ",-42.40%,"3,193",-265,"$1,716 ","$66,939,160 ",$20 ,4
2019-09-06,4,3,The Lion King (2019),BV,"$4,324,341 ",-37.50%,"2,610",-580,"$1,657 ","$529,237,780 ",$260 ,8
2019-09-06,5,4,Fast & Furious Presents: Hobbs & Shaw,Uni.,"$3,807,905 ",-41.10%,"2,299",-673,"$1,656 ","$164,340,050 ",$200 ,6
2019-09-06,79,-,In The Aisles,MBox,"$1,641 ",-,1,-,"$1,641 ","$27,522 ",-,13
2019-09-06,11,12,The Peanut Butter Falcon,RAtt.,"$2,130,388 ",-29.40%,"1,310",61,"$1,626 ","$12,136,647 ",-,5
2019-09-06,47,58,Tigers are Not Afraid,Vari.,"$26,542 ",8.10%,17,8,"$1,561 ","$112,124 ",-,3
2019-09-06,10,10,Once Upon a Time in Hollywood,Sony,"$2,166,110 ",-47.40%,"1,402",-591,"$1,545 ","$134,368,392 ",$90 ,7
2019-09-06,34,39,Fiddler: A Miracle of Miracles,RAtt.,"$97,386 ",24.90%,68,40,"$1,432 ","$296,389 ",-,3
2019-09-06,80,83,The Chambermaid (2019),KL,"$1,413 ",24.80%,1,-1,"$1,413 ","$76,639 ",-,11
2019-09-06,44,59,Before You Know It (2019),1091,"$41,751 ",80.80%,31,28,"$1,347 ","$75,634 ",-,2
2019-09-06,25,24,Aladdin (2019),BV,"$260,323 ",-42.20%,198,-32,"$1,315 ","$354,801,322 ",$183 ,16
2019-09-06,7,11,Dora and the Lost City of Gold,Par.,"$2,345,305 ",-42.80%,"1,788",-689,"$1,312 ","$54,334,455 ",$49 ,5
2019-09-06,22,19,Tod@s Caen,PNT,"$471,947 ",-57.00%,371,-,"$1,272 ","$2,072,988 ",-,2
2019-09-06,65,N,Edie,MBox,"$8,801 ",-,7,-,"$1,257 ","$8,801 ",-,1
2019-09-06,81,N,I'm Leaving Now,CGld,"$1,255 ",-,1,-,"$1,255 ","$1,255 ",-,1
2019-09-06,33,29,Mission Mangal,FIP,"$111,158 ",-70.40%,94,-57,"$1,183 ","$3,570,506 ",-,4
2019-09-06,37,41,Menteur,EOne,"$59,024 ",-13.40%,53,-5,"$1,114 ","$4,492,830 ",-,9
2019-09-06,9,7,Scary Stories to Tell in the Dark,LGF,"$2,297,928 ",-54.00%,"2,101",-646,"$1,094 ","$62,123,662 ",$25 ,5
2019-09-06,24,21,The Farewell,A24,"$401,220 ",-52.30%,368,-523,"$1,090 ","$16,685,360 ",-,9
2019-09-06,50,48,Tel Aviv on Fire,Cohen,"$23,855 ",-51.10%,22,-13,"$1,084 ","$444,524 ",-,6
2019-09-06,48,52,The Fighting Preacher,Purd.,"$24,859 ",-34.40%,24,-8,"$1,036 ","$716,343 ",-,7
2019-09-06,53,49,Aquarela,SPC,"$22,861 ",-47.00%,23,-12,$994 ,"$180,495 ",-,4
2019-09-06,8,5,Ready or Not,FoxS,"$2,310,792 ",-60.90%,"2,350",-648,$983 ,"$25,712,480 ",$6 ,3
2019-09-06,31,32,The Secret Life of Pets 2,Uni.,"$128,830 ",-53.30%,139,-88,$927 ,"$158,111,845 ",$80 ,14
2019-09-06,72,82,Long Day's Journey Into Night (2019),KL,"$3,709 ",167.80%,4,3,$927 ,"$494,324 ",-,22
2019-09-06,12,9,The Angry Birds Movie 2,Sony,"$1,710,459 ",-59.60%,"1,854","-1,457",$923 ,"$38,088,353 ",$65 ,4
2019-09-06,59,60,The Death and Life of John F. Donovan,EOne,"$14,722 ",-24.60%,16,-8,$920 ,"$122,954 ",-,3
2019-09-06,42,46,Honeyland,Neon,"$50,001 ",-6.60%,56,14,$893 ,"$466,911 ",-,7
2019-09-06,23,18,Blinded By the Light,WB,"$417,383 ",-65.70%,468,"-1,205",$892 ,"$11,317,597 ",-,4
2019-09-06,17,15,Don't Let Go,OTL,"$802,096 ",-65.70%,922,-,$870 ,"$4,302,776 ",$5 ,2
2019-09-06,13,8,Spider-Man: Far from Home,Sony,"$1,238,052 ",-71.20%,"1,433","-1,729",$864 ,"$388,120,898 ",$160 ,10
2019-09-06,29,30,Luce,Neon,"$157,568 ",-47.60%,183,-52,$861 ,"$1,667,519 ",-,6
2019-09-06,20,14,Toy Story 4,BV,"$547,483 ",-77.00%,640,"-2,075",$855 ,"$431,810,752 ",-,12
2019-09-06,36,37,The Kitchen (2019),WB (NL),"$61,792 ",-32.30%,75,-114,$824 ,"$12,026,533 ",$38 ,5
2019-09-06,27,23,"Where'd You Go, Bernadette",UAR,"$217,719 ",-66.90%,270,-637,$806 ,"$8,852,084 ",-,4
2019-09-06,35,34,Maiden,SPC,"$84,774 ",-41.50%,108,-72,$785 ,"$2,960,135 ",-,11
2019-09-06,18,13,47 Meters Down: Uncaged,ENTMP,"$743,738 ",-69.40%,975,"-1,249",$763 ,"$20,905,478 ",$12 ,4
2019-09-06,43,55,David Crosby: Remember My Name,SPC,"$49,673 ",40.90%,66,19,$753 ,"$625,113 ",-,8
2019-09-06,68,66,Cold Case Hammarskjöld,Magn.,"$7,365 ",-35.70%,10,-5,$737 ,"$82,676 ",-,4
2019-09-06,60,62,Echo in the Canyon,Greenwich,"$13,989 ",-6.10%,19,-5,$736 ,"$3,327,377 ",-,16
2019-09-06,28,25,After the Wedding (2019),SPC,"$201,623 ",-54.90%,283,-145,$712 ,"$1,350,243 ",-,5
2019-09-06,21,17,The Art of Racing in the Rain,Fox,"$506,143 ",-61.80%,740,-735,$684 ,"$25,256,221 ",-,5
2019-09-06,73,74,Under the Sea 3D,WB,"$2,693 ",-18.60%,4,-1,$673 ,"$36,180,589 ",-,552
2019-09-06,30,22,Midsommar,A24,"$146,308 ",-78.10%,234,-442,$625 ,"$27,242,964 ",-,10
2019-09-06,82,67,The Divine Fury,WGUSA,"$1,250 ",-80.80%,2,-1,$625 ,"$101,758 ",-,4
2019-09-06,56,68,Vita and Virginia,IFC,"$18,416 ",230.20%,32,29,$576 ,"$32,843 ",-,3
2019-09-06,71,N,Rapid Response,ADC,"$4,497 ",-,8,-,$562 ,"$4,497 ",-,1
2019-09-06,62,65,Mike Wallace is Here,Magn.,"$11,007 ",-6.90%,20,-4,$550 ,"$271,673 ",-,7
2019-09-06,84,79,Bethany Hamilton: Unstoppable,ENTMP,$539 ,-72.80%,1,-5,$539 ,"$588,636 ",-,9
2019-09-06,67,64,Jay Myself,Osci.,"$7,430 ",-49.60%,14,-2,$531 ,"$123,913 ",-,6
2019-09-06,51,57,Marianne & Leonard: Words of Love,RAtt.,"$23,532 ",-26.00%,48,-7,$490 ,"$988,375 ",-,10
2019-09-06,76,80,Free Trip to Egypt,INDEP,"$2,374 ",33.10%,5,3,$475 ,"$41,471 ",-,15
2019-09-06,64,50,Brian Banks,BST,"$9,489 ",-76.10%,20,-64,$474 ,"$4,309,881 ",-,5
2019-09-06,83,91,I Do Not Care If We Go Down in History as Barbarians,BWP,$947 ,222.10%,2,1,$474 ,"$8,961 ",-,8
2019-09-06,40,38,John Wick: Chapter 3 - Parabellum,LG/S,"$52,748 ",-36.70%,113,-26,$467 ,"$171,002,126 ",-,17
2019-09-06,77,95,The Mountain,KL,"$2,255 ",1373.90%,5,4,$451 ,"$53,939 ",-,7
2019-09-06,46,42,Men in Black International,Sony,"$31,672 ",-51.70%,75,-16,$422 ,"$79,790,972 ",$110 ,13
2019-09-06,54,47,The Nightingale (2019),IFC,"$19,814 ",-60.80%,47,-32,$422 ,"$379,759 ",-,6
2019-09-06,69,61,Toni Morrison: The Pieces I Am,Magn.,"$6,594 ",-57.10%,17,-1,$388 ,"$869,132 ",-,12
2019-09-06,74,78,A Brother's Love,EOne,"$2,631 ",21.90%,7,4,$376 ,"$523,712 ",-,14
2019-09-06,86,-,The Other Story,Strand,$356 ,-,1,-,$356 ,"$128,442 ",-,11
2019-09-06,70,63,The Other Side of Heaven 2: Fire of Faith,AAE,"$5,478 ",-62.90%,16,-1,$342 ,"$1,717,646 ",-,11
2019-09-06,78,73,Buñuel in the Labyrinth of the Turtles,GK,"$2,252 ",-35.30%,8,2,$282 ,"$27,126 ",-,4
2019-09-06,41,N,Plácido Domingo Gala,Fathom,"$52,502 ",-,217,-,$242 ,"$52,502 ",-,1
2019-09-06,61,40,Avengers: Endgame,BV,"$12,680 ",-82.10%,55,-55,$231 ,"$858,366,365 ",$356 ,20
2019-09-06,63,33,Killerman,Blue Fox,"$10,776 ",-93.00%,48,-274,$225 ,"$276,998 ",-,2
2019-09-06,89,96,Piranhas,MBox,$172 ,24.60%,1,-1,$172 ,"$19,540 ",-,6
2019-09-06,90,-,Yomeddine,Strand,$170 ,-,1,-,$170 ,"$11,308 ",-,13
2019-09-06,85,77,Be Natural: The Untold Story of Alice Guy-Blaché,Zeit.,$488 ,-78.00%,3,-1,$163 ,"$98,053 ",-,21
2019-09-06,45,26,Bennett's War,FF,"$39,227 ",-90.90%,290,-680,$135 ,"$725,042 ",-,2
2019-09-06,87,85,The Queen (2019 re-release),KL,$331 ,-65.70%,3,1,$110 ,"$47,481 ",-,11
2019-09-06,88,94,A Beautiful Planet,IMAX,$290 ,59.30%,3,1,$97 ,"$15,554,760 ",-,176
2019-09-06,91,89,Born to Be Wild (IMAX),WB,$84 ,-87.70%,1,-1,$84 ,"$25,899,251 ",-,440
2019-08-30,54,57,Miles Davis: Birth of Cool,Abr.,"$36,444 ",99.60%,2,1,"$18,222 ","$66,891 ",-,2
2019-08-30,43,N,Official Secrets,IFC,"$64,965 ",-,4,-,"$16,241 ","$64,965 ",-,1
2019-08-30,20,N,Ne Zha,WGUSA,"$1,015,755 ",-,66,-,"$15,390 ","$1,164,810 ",-,1
2019-08-30,27,26,Brittany Runs a Marathon,Amazon,"$415,888 ",130.10%,48,43,"$8,664 ","$639,075 ",-,2
2019-08-30,59,N,Before You Know It (2019),1091,"$23,086 ",-,3,-,"$7,695 ","$23,086 ",-,1
2019-08-30,51,45,Exit,CJ,"$37,927 ",-5.40%,5,-6,"$7,585 ","$383,299 ",-,5
2019-08-30,36,N,Raise Hell: The Life & Times of Molly Ivins,Magn.,"$94,504 ",-,18,-,"$5,250 ","$94,504 ",-,1
2019-08-30,53,51,Give Me Liberty,MBox,"$37,214 ",11.90%,9,6,"$4,135 ","$79,315 ",-,2
2019-08-30,71,N,The Load,Ghop,"$4,094 ",-,1,-,"$4,094 ","$4,094 ",-,1
2019-08-30,72,-,The Third Wife,FM,"$3,889 ",-,1,-,"$3,889 ","$84,933 ",-,13
2019-08-30,16,N,Saaho,Yash,"$1,452,102 ",-,381,-,"$3,811 ","$2,370,211 ",-,1
2019-08-30,1,1,Angel has Fallen,LGF,"$11,799,409 ",-44.80%,"3,336",50,"$3,537 ","$40,913,630 ",$40 ,2
2019-08-30,6,3,Overcomer,Affirm,"$5,665,606 ",-30.50%,"1,827",104,"$3,101 ","$17,212,235 ",$5 ,2
2019-08-30,19,N,Tod@s Caen,PNT,"$1,098,401 ",-,371,-,"$2,961 ","$1,098,401 ",-,1
2019-08-30,39,48,Fiddler: A Miracle of Miracles,RAtt.,"$77,976 ",114.10%,28,21,"$2,785 ","$135,612 ",-,2
2019-08-30,2,2,Good Boys,Uni.,"$9,505,900 ",-18.30%,"3,458",105,"$2,749 ","$56,513,865 ",$20 ,3
2019-08-30,58,53,Tigers are Not Afraid,Vari.,"$24,558 ",-20.00%,9,3,"$2,729 ","$68,122 ",-,2
2019-08-30,75,N,The Miracle of the Little Prince,FM,"$2,643 ",-,1,-,"$2,643 ","$3,942 ",-,1
2019-08-30,15,N,Don't Let Go,OTL,"$2,338,669 ",-,922,-,"$2,537 ","$2,338,669 ",$5 ,1
2019-08-30,29,19,Mission Mangal,FIP,"$375,143 ",-42.70%,151,-112,"$2,484 ","$3,316,146 ",-,3
2019-08-30,12,12,The Peanut Butter Falcon,RAtt.,"$3,018,384 ",1.50%,"1,249",253,"$2,417 ","$8,004,681 ",-,4
2019-08-30,70,66,The Bravest,Sony,"$4,420 ",-37.00%,2,-,"$2,210 ","$288,805 ",-,4
2019-08-30,4,4,Fast & Furious Presents: Hobbs & Shaw,Uni.,"$6,460,835 ",-19.90%,"2,972",-340,"$2,174 ","$157,273,185 ",$200 ,5
2019-08-30,67,61,The Divine Fury,WGUSA,"$6,517 ",-44.60%,3,-4,"$2,172 ","$97,484 ",-,3
2019-08-30,3,5,The Lion King (2019),BV,"$6,923,452 ",-14.20%,"3,190",-110,"$2,170 ","$521,152,746 ",$260 ,7
2019-08-30,10,10,Once Upon a Time in Hollywood,Sony,"$4,119,948 ",-17.70%,"1,993",-216,"$2,067 ","$129,742,497 ",$90 ,6
2019-08-30,5,6,Ready or Not,FoxS,"$5,912,499 ",-26.20%,"2,998",143,"$1,972 ","$20,389,072 ",$6 ,2
2019-08-30,24,24,Aladdin (2019),BV,"$450,222 ",120.10%,230,45,"$1,957 ","$354,419,887 ",$183 ,15
2019-08-30,68,71,Vita and Virginia,IFC,"$5,577 ",63.60%,3,2,"$1,859 ","$12,246 ",-,2
2019-08-30,7,8,Scary Stories to Tell in the Dark,LGF,"$4,998,728 ",-14.80%,"2,747",-80,"$1,820 ","$57,618,974 ",$25 ,4
2019-08-30,11,9,Dora and the Lost City of Gold,Par.,"$4,102,301 ",-23.00%,"2,477",-366,"$1,656 ","$49,559,992 ",$49 ,4
2019-08-30,81,76,End of the Century (2019),CGld,"$1,626 ",-32.90%,1,-,"$1,626 ","$20,272 ",-,3
2019-08-30,69,-,A Faithful Man,KL,"$4,532 ",-,3,-,"$1,511 ","$55,662 ",-,7
2019-08-30,48,36,Tel Aviv on Fire,Cohen,"$48,806 ",-19.50%,35,-2,"$1,394 ","$390,308 ",-,5
2019-08-30,82,-,Long Day's Journey Into Night (2019),KL,"$1,385 ",-,1,-,"$1,385 ","$490,615 ",-,21
2019-08-30,8,15,Spider-Man: Far from Home,Sony,"$4,303,733 ",155.80%,"3,162","2,154","$1,361 ","$384,756,321 ",$160 ,9
2019-08-30,9,7,The Angry Birds Movie 2,Sony,"$4,238,488 ",-33.60%,"3,311",-558,"$1,280 ","$34,028,596 ",$65 ,3
2019-08-30,30,23,Luce,Neon,"$300,636 ",19.10%,235,75,"$1,279 ","$1,290,527 ",-,5
2019-08-30,46,41,Honeyland,Neon,"$53,541 ",14.80%,42,6,"$1,275 ","$373,062 ",-,6
2019-08-30,49,54,Aquarela,SPC,"$43,140 ",79.90%,35,22,"$1,233 ","$123,603 ",-,3
2019-08-30,32,25,The Secret Life of Pets 2,Uni.,"$275,585 ",36.80%,227,42,"$1,214 ","$157,834,430 ",$80 ,13
2019-08-30,52,47,The Fighting Preacher,Purd.,"$37,903 ",0.10%,32,5,"$1,184 ","$634,850 ",-,6
2019-08-30,41,32,Menteur,EOne,"$68,148 ",-15.40%,58,-,"$1,175 ","$4,361,463 ",-,8
2019-08-30,13,11,47 Meters Down: Uncaged,ENTMP,"$2,431,370 ",-38.00%,"2,224",-659,"$1,093 ","$19,180,347 ",$12 ,3
2019-08-30,25,27,After the Wedding (2019),SPC,"$446,655 ",189.80%,428,347,"$1,044 ","$864,016 ",-,4
2019-08-30,84,93,Journey to the South Pacific,IMAX,"$1,036 ",271.30%,1,-,"$1,036 ","$7,653,913 ",-,275
2019-08-30,28,21,Yesterday,Uni.,"$398,025 ",-0.40%,397,-41,"$1,003 ","$73,060,420 ",$26 ,10
2019-08-30,22,39,Midsommar,A24,"$668,085 ",1253.70%,676,632,$988 ,"$26,732,936 ",-,9
2019-08-30,56,40,One Child Nation,Amazon,"$35,137 ",-24.90%,36,2,$976 ,"$212,514 ",-,4
2019-08-30,21,18,The Farewell,A24,"$841,414 ",-4.70%,891,75,$944 ,"$15,732,711 ",-,8
2019-08-30,64,62,Jay Myself,Osci.,"$14,730 ",35.80%,16,7,$921 ,"$105,979 ",-,5
2019-08-30,17,13,The Art of Racing in the Rain,Fox,"$1,326,103 ",-37.00%,"1,475",-565,$899 ,"$23,903,401 ",-,4
2019-08-30,80,88,Free Trip to Egypt,INDEP,"$1,784 ",322.70%,2,1,$892 ,"$35,357 ",-,14
2019-08-30,14,17,Toy Story 4,BV,"$2,382,830 ",93.60%,"2,715","1,895",$878 ,"$429,728,729 ",-,11
2019-08-30,35,29,Crawl,Par.,"$101,084 ",-23.60%,116,-27,$871 ,"$38,971,406 ",$13.50 ,8
2019-08-30,63,65,The Other Side of Heaven 2: Fire of Faith,AAE,"$14,750 ",67.30%,17,1,$868 ,"$1,690,179 ",-,10
2019-08-30,86,84,Union (2019),Indic.,$857 ,-36.80%,1,-1,$857 ,"$18,704 ",-,5
2019-08-30,61,52,Toni Morrison: The Pieces I Am,Magn.,"$15,373 ",-52.60%,18,-26,$854 ,"$848,317 ",-,11
2019-08-30,87,74,Genese,FM,$817 ,-68.40%,1,-,$817 ,"$4,962 ",-,2
2019-08-30,60,50,The Death and Life of John F. Donovan,EOne,"$19,529 ",-41.40%,24,-1,$814 ,"$81,890 ",-,2
2019-08-30,34,28,Maiden,SPC,"$144,892 ",3.10%,180,27,$805 ,"$2,760,504 ",-,10
2019-08-30,88,86,Last Year at Marienbad (2019 re-release),Jan.,$800 ,4.30%,1,-,$800 ,"$60,884 ",-,16
2019-08-30,66,58,Cold Case Hammarskjöld,Magn.,"$11,456 ",-28.40%,15,-,$764 ,"$66,789 ",-,3
2019-08-30,55,44,David Crosby: Remember My Name,SPC,"$35,255 ",-15.70%,47,-,$750 ,"$513,587 ",-,7
2019-08-30,18,14,Blinded By the Light,WB,"$1,215,303 ",-38.70%,"1,673",-634,$726 ,"$10,202,476 ",-,3
2019-08-30,23,16,"Where'd You Go, Bernadette",UAR,"$657,607 ",-53.80%,907,"-1,399",$725 ,"$8,154,661 ",-,3
2019-08-30,42,37,Men in Black International,Sony,"$65,538 ",17.30%,91,-9,$720 ,"$79,729,445 ",$110 ,12
2019-08-30,78,79,A Brother's Love,EOne,"$2,159 ",26.80%,3,-1,$720 ,"$519,111 ",-,13
2019-08-30,74,73,Under the Sea 3D,WB,"$3,307 ",22.10%,5,-,$661 ,"$36,175,687 ",-,551
2019-08-30,40,38,Avengers: Endgame,BV,"$70,775 ",40.80%,110,-5,$643 ,"$858,329,776 ",$356 ,19
2019-08-30,47,46,The Nightingale (2019),IFC,"$50,597 ",33.10%,79,28,$640 ,"$326,774 ",-,5
2019-08-30,62,59,Echo in the Canyon,Greenwich,"$14,902 ",3.50%,24,4,$621 ,"$3,300,743 ",-,15
2019-08-30,44,35,Annabelle Comes Home,WB (NL),"$61,216 ",-0.50%,101,-15,$606 ,"$72,751,624 ",-,10
2019-08-30,38,34,John Wick: Chapter 3 - Parabellum,LG/S,"$83,377 ",20.90%,139,10,$600 ,"$170,910,250 ",-,16
2019-08-30,73,72,Buñuel in the Labyrinth of the Turtles,GK,"$3,483 ",6.80%,6,4,$581 ,"$22,909 ",-,3
2019-08-30,57,56,Marianne & Leonard: Words of Love,RAtt.,"$31,799 ",70.30%,55,12,$578 ,"$922,353 ",-,9
2019-08-30,83,-,The Chambermaid (2019),KL,"$1,132 ",-,2,-,$566 ,"$74,959 ",-,10
2019-08-30,45,33,Rocketman,Par.,"$57,633 ",-19.40%,102,-16,$565 ,"$96,332,928 ",$40 ,14
2019-08-30,77,78,Be Natural: The Untold Story of Alice Guy-Blaché,Zeit.,"$2,219 ",24.60%,4,1,$555 ,"$97,274 ",-,20
2019-08-30,65,55,Mike Wallace is Here,Magn.,"$11,817 ",-41.50%,24,-13,$492 ,"$251,492 ",-,6
2019-08-30,37,22,The Kitchen (2019),WB (NL),"$91,306 ",-73.30%,189,-431,$483 ,"$11,906,792 ",$38 ,4
2019-08-30,85,97,The Queen (2019 re-release),KL,$965 ,620.10%,2,-,$483 ,"$45,708 ",-,10
2019-08-30,33,N,Killerman,Blue Fox,"$153,799 ",-,322,-,$478 ,"$153,799 ",-,1
2019-08-30,50,30,Brian Banks,BST,"$39,741 ",-69.80%,84,-136,$473 ,"$4,272,905 ",-,4
2019-08-30,26,N,Bennett's War,FF,"$430,898 ",-,970,-,$444 ,"$430,898 ",-,1
2019-08-30,31,N,TCM: Lawrence of Arabia (2019 re-release),Fathom,"$291,722 ",-,661,-,$441 ,"$291,722 ",-,1
2019-08-30,89,96,Born to Be Wild (IMAX),WB,$684 ,399.30%,2,-,$342 ,"$25,899,152 ",-,439
2019-08-30,79,-,Bethany Hamilton: Unstoppable,ENTMP,"$1,981 ",-,6,-,$330 ,"$586,025 ",-,8
2019-08-30,76,42,Line Walker 2 Invisible Spy,WGUSA,"$2,507 ",-94.60%,8,-7,$313 ,"$260,872 ",-,3
2019-08-30,91,-,I Do Not Care If We Go Down in History as Barbarians,BWP,$294 ,-,1,-,$294 ,"$8,014 ",-,7
2019-08-30,92,80,Diamantino,KL,$228 ,-86.00%,1,-,$228 ,"$69,713 ",-,15
2019-08-30,93,85,Meeting Gorbachev,1091,$210 ,-78.80%,1,-2,$210 ,"$251,837 ",-,18
2019-08-30,90,75,RUSH: Cinema Strangiato 2019,Trafalgar,$570 ,-77.90%,3,2,$190 ,"$958,907 ",-,2
2019-08-30,95,81,The Mountain,KL,$153 ,-90.50%,1,-2,$153 ,"$51,684 ",-,6
2019-08-30,94,98,A Beautiful Planet,IMAX,$182 ,550.00%,2,-,$91 ,"$15,554,382 ",-,175
2019-08-30,96,82,Piranhas,MBox,$138 ,-90.40%,2,-2,$69 ,"$19,203 ",-,5
2019-08-30,97,-,Hubble 3D,WB,$84 ,-,2,-,$42 ,"$52,496,181 ",-,491
2019-08-30,98,-,Island of Lemurs: Madagascar (IMAX),WB,$19 ,-,1,-,$19 ,"$11,262,281 ",-,268
2019-08-23,26,N,Brittany Runs a Marathon,Amazon,"$180,711 ",-,5,-,"$36,142 ","$180,711 ",-,1
2019-08-23,57,N,Miles Davis: Birth of Cool,Abr.,"$18,258 ",-,1,-,"$18,258 ","$18,258 ",-,1
2019-08-23,51,N,Give Me Liberty,MBox,"$33,261 ",-,3,-,"$11,087 ","$33,261 ",-,1
2019-08-23,60,86,Grateful Dead Meet-Up 2019,Trafalgar,"$13,648 ",2381.50%,2,-,"$6,824 ","$534,611 ",-,4
2019-08-23,1,N,Angel has Fallen,LGF,"$21,380,987 ",-,"3,286",-,"$6,507 ","$21,380,987 ",$40 ,1
2019-08-23,67,69,Unplanned,PFR,"$6,214 ",114.60%,1,-,"$6,214 ","$19,004,159 ",$6 ,22
2019-08-23,48,N,Fiddler: A Miracle of Miracles,RAtt.,"$36,425 ",-,7,-,"$5,204 ","$36,425 ",-,1
2019-08-23,53,N,Tigers are Not Afraid,Vari.,"$30,710 ",-,6,-,"$5,118 ","$30,710 ",-,1
2019-08-23,3,N,Overcomer,Affirm,"$8,146,533 ",-,"1,723",-,"$4,728 ","$8,146,533 ",$5 ,1
2019-08-23,45,35,Exit,CJ,"$40,086 ",-34.00%,11,-2,"$3,644 ","$345,372 ",-,4
2019-08-23,66,48,The Bravest,Sony,"$7,015 ",-76.40%,2,-31,"$3,508 ","$278,109 ",-,3
2019-08-23,2,1,Good Boys,Uni.,"$11,635,655 ",-45.60%,"3,353",149,"$3,470 ","$41,943,160 ",$20 ,2
2019-08-23,71,N,Vita and Virginia,IFC,"$3,408 ",-,1,-,"$3,408 ","$3,408 ",-,1
2019-08-23,42,31,Line Walker 2 Invisible Spy,WGUSA,"$46,055 ",-52.50%,15,-2,"$3,070 ","$205,967 ",-,2
2019-08-23,12,20,The Peanut Butter Falcon,RAtt.,"$2,974,391 ",933.80%,996,947,"$2,986 ","$3,693,740 ",-,3
2019-08-23,6,N,Ready or Not,FoxS,"$8,015,590 ",-,"2,855",-,"$2,808 ","$11,043,738 ",$6 ,1
2019-08-23,74,N,Genese,FM,"$2,585 ",-,1,-,"$2,585 ","$2,585 ",-,1
2019-08-23,75,N,RUSH: Cinema Strangiato 2019,Trafalgar,"$2,580 ",-,1,-,"$2,580 ","$957,106 ",-,1
2019-08-23,19,16,Mission Mangal,FIP,"$655,056 ",-52.00%,263,-,"$2,491 ","$2,713,267 ",-,2
2019-08-23,5,3,The Lion King (2019),BV,"$8,065,231 ",-34.60%,"3,300",-260,"$2,444 ","$510,550,966 ",$260 ,6
2019-08-23,4,2,Fast & Furious Presents: Hobbs & Shaw,Uni.,"$8,068,380 ",-43.10%,"3,312",-445,"$2,436 ","$147,629,635 ",$200 ,4
2019-08-23,76,60,End of the Century (2019),CGld,"$2,424 ",-75.90%,1,-,"$2,424 ","$17,250 ",-,2
2019-08-23,10,8,Once Upon a Time in Hollywood,Sony,"$5,005,400 ",-34.80%,"2,209",-295,"$2,266 ","$123,192,867 ",$90 ,5
2019-08-23,8,5,Scary Stories to Tell in the Dark,LGF,"$5,867,926 ",-41.40%,"2,827",-308,"$2,076 ","$50,357,128 ",$25 ,3
2019-08-23,27,33,After the Wedding (2019),SPC,"$154,115 ",82.80%,81,55,"$1,903 ","$348,647 ",-,3
2019-08-23,9,6,Dora and the Lost City of Gold,Par.,"$5,331,043 ",-37.80%,"2,843",-892,"$1,875 ","$43,230,996 ",$49 ,3
2019-08-23,54,52,Aquarela,SPC,"$23,983 ",-3.10%,13,8,"$1,845 ","$62,547 ",-,2
2019-08-23,61,44,The Divine Fury,WGUSA,"$11,759 ",-73.20%,7,-16,"$1,680 ","$83,507 ",-,2
2019-08-23,31,23,Batla House,VPD,"$103,962 ",-51.10%,62,-19,"$1,677 ","$447,358 ",-,2
2019-08-23,15,12,Spider-Man: Far from Home,Sony,"$1,682,473 ",-40.00%,"1,008",-507,"$1,669 ","$379,751,480 ",$160 ,8
2019-08-23,7,4,The Angry Birds Movie 2,Sony,"$6,382,267 ",-38.40%,"3,869",-,"$1,650 ","$27,108,630 ",$65 ,2
2019-08-23,36,36,Tel Aviv on Fire,Cohen,"$60,622 ",1.00%,37,6,"$1,638 ","$317,767 ",-,4
2019-08-23,72,64,Buñuel in the Labyrinth of the Turtles,GK,"$3,261 ",-42.70%,2,-,"$1,631 ","$18,576 ",-,2
2019-08-23,80,92,Diamantino,KL,"$1,630 ",944.90%,1,-1,"$1,630 ","$69,485 ",-,14
2019-08-23,23,27,Luce,Neon,"$252,480 ",53.30%,160,102,"$1,578 ","$863,162 ",-,4
2019-08-23,17,14,Toy Story 4,BV,"$1,230,836 ",-42.80%,820,-425,"$1,501 ","$426,734,092 ",-,10
2019-08-23,83,-,"The Gangster, the Cop, the Devil",WGUSA,"$1,410 ",-,1,-,"$1,410 ","$216,494 ",-,8
2019-08-23,47,46,The Fighting Preacher,Purd.,"$37,881 ",2.30%,27,8,"$1,403 ","$557,057 ",-,5
2019-08-23,32,26,Menteur,EOne,"$80,510 ",-53.10%,58,-12,"$1,388 ","$4,224,553 ",-,7
2019-08-23,40,40,One Child Nation,Amazon,"$46,789 ",-1.90%,34,16,"$1,376 ","$151,695 ",-,3
2019-08-23,11,7,47 Meters Down: Uncaged,ENTMP,"$3,920,632 ",-53.50%,"2,883",30,"$1,360 ","$15,336,579 ",$12 ,2
2019-08-23,50,N,The Death and Life of John F. Donovan,EOne,"$33,340 ",-,25,-,"$1,334 ","$33,340 ",-,1
2019-08-23,41,38,Honeyland,Neon,"$46,621 ",-15.90%,36,4,"$1,295 ","$290,447 ",-,5
2019-08-23,62,59,Jay Myself,Osci.,"$10,850 ",-5.80%,9,7,"$1,206 ","$85,530 ",-,4
2019-08-23,39,32,Midsommar,A24,"$49,354 ",-45.90%,44,-31,"$1,122 ","$26,029,313 ",-,8
2019-08-23,24,19,Aladdin (2019),BV,"$204,546 ",-35.20%,185,-40,"$1,106 ","$353,863,659 ",$183 ,14
2019-08-23,25,21,The Secret Life of Pets 2,Uni.,"$201,400 ",-24.00%,185,-57,"$1,089 ","$157,448,865 ",$80 ,12
2019-08-23,18,15,The Farewell,A24,"$882,623 ",-40.60%,816,-45,"$1,082 ","$14,412,536 ",-,7
2019-08-23,77,98,Rojo,Distrib.,"$2,142 ",2108.20%,2,1,"$1,071 ","$76,732 ",-,7
2019-08-23,58,53,Cold Case Hammarskjöld,Magn.,"$16,007 ",-12.50%,15,5,"$1,067 ","$45,492 ",-,2
2019-08-23,13,9,The Art of Racing in the Rain,Fox,"$2,106,419 ",-53.90%,"2,040",-725,"$1,033 ","$21,486,746 ",-,3
2019-08-23,29,25,Crawl,Par.,"$132,290 ",-29.60%,143,-31,$925 ,"$38,827,963 ",$13.50 ,7
2019-08-23,28,22,Maiden,SPC,"$140,525 ",-45.60%,153,-1,$918 ,"$2,514,828 ",-,9
2019-08-23,21,18,Yesterday,Uni.,"$399,550 ",-29.90%,438,-64,$912 ,"$72,391,710 ",$26 ,9
2019-08-23,69,79,The Other Story,Strand,"$3,596 ",223.40%,4,3,$899 ,"$122,718 ",-,9
2019-08-23,44,42,David Crosby: Remember My Name,SPC,"$41,833 ",-9.90%,47,6,$890 ,"$456,392 ",-,6
2019-08-23,14,10,Blinded By the Light,WB,"$1,982,086 ",-54.30%,"2,307",-,$859 ,"$8,103,492 ",-,2
2019-08-23,86,-,Last Year at Marienbad (2019 re-release),Jan.,$767 ,-,1,-,$767 ,"$60,084 ",-,15
2019-08-23,46,43,The Nightingale (2019),IFC,"$38,022 ",-15.10%,51,12,$746 ,"$248,645 ",-,4
2019-08-23,52,37,Toni Morrison: The Pieces I Am,Magn.,"$32,422 ",-44.20%,44,-25,$737 ,"$807,138 ",-,10
2019-08-23,59,50,Echo in the Canyon,Greenwich,"$14,399 ",-46.70%,20,-15,$720 ,"$3,277,247 ",-,14
2019-08-23,84,-,Union (2019),Indic.,"$1,356 ",-,2,-,$678 ,"$17,109 ",-,4
2019-08-23,63,55,Biggest Little Farm,Neon,"$10,554 ",-37.70%,16,-11,$660 ,"$4,361,110 ",-,16
2019-08-23,20,N,My Neighbor Totoro - Studio Ghibli 2019,Fathom,"$484,254 ",-,767,-,$631 ,"$484,254 ",-,1
2019-08-23,16,11,"Where'd You Go, Bernadette",UAR,"$1,424,237 ",-58.90%,"2,306",-98,$618 ,"$6,609,797 ",-,2
2019-08-23,33,29,Rocketman,Par.,"$71,468 ",-29.70%,118,-42,$606 ,"$96,227,407 ",$40 ,13
2019-08-23,43,54,Stuber,Fox,"$45,170 ",160.80%,75,25,$602 ,"$22,351,126 ",-,7
2019-08-23,30,17,Brian Banks,BST,"$131,579 ",-81.40%,220,-760,$598 ,"$4,173,394 ",-,3
2019-08-23,78,80,Be Natural: The Untold Story of Alice Guy-Blaché,Zeit.,"$1,781 ",80.40%,3,-,$594 ,"$92,395 ",-,19
2019-08-23,37,34,Men in Black International,Sony,"$55,873 ",-28.10%,100,-16,$559 ,"$79,642,808 ",$110 ,11
2019-08-23,22,13,The Kitchen (2019),WB (NL),"$342,506 ",-84.50%,620,"-2,125",$552 ,"$11,644,797 ",$38 ,3
2019-08-23,65,58,The Other Side of Heaven 2: Fire of Faith,AAE,"$8,818 ",-24.20%,16,-5,$551 ,"$1,668,347 ",-,9
2019-08-23,55,47,Mike Wallace is Here,Magn.,"$20,186 ",-34.60%,37,-1,$546 ,"$229,827 ",-,5
2019-08-23,73,70,Under the Sea 3D,WB,"$2,709 ",1.00%,5,-,$542 ,"$36,168,425 ",-,550
2019-08-23,81,74,The Mountain,KL,"$1,618 ",10.70%,3,-1,$539 ,"$51,129 ",-,5
2019-08-23,49,41,Godzilla: King of the Monsters,WB,"$34,266 ",-27.50%,64,-31,$535 ,"$110,481,291 ",$170 ,13
2019-08-23,34,28,John Wick: Chapter 3 - Parabellum,LG/S,"$68,942 ",-48.50%,129,-19,$534 ,"$170,795,001 ",-,15
2019-08-23,35,39,Annabelle Comes Home,WB (NL),"$61,507 ",12.40%,116,14,$530 ,"$72,664,584 ",-,9
2019-08-23,38,30,Avengers: Endgame,BV,"$50,268 ",-50.10%,115,-33,$437 ,"$858,238,683 ",$356 ,18
2019-08-23,56,49,Marianne & Leonard: Words of Love,RAtt.,"$18,676 ",-31.00%,43,-22,$434 ,"$880,922 ",-,8
2019-08-23,79,67,A Brother's Love,EOne,"$1,703 ",-48.90%,4,2,$426 ,"$514,619 ",-,12
2019-08-23,88,82,Free Trip to Egypt,INDEP,$422 ,-45.30%,1,-1,$422 ,"$33,448 ",-,13
2019-08-23,64,57,Wild Rose,Neon,"$10,080 ",-26.30%,24,7,$420 ,"$1,630,301 ",-,10
2019-08-23,89,-,Suburban Birds,CGld,$391 ,-,1,-,$391 ,"$10,587 ",-,20
2019-08-23,68,56,Late Night,Amazon,"$4,669 ",-68.80%,13,-19,$359 ,"$15,494,928 ",-,12
2019-08-23,82,88,Piranhas,MBox,"$1,435 ",505.50%,4,2,$359 ,"$18,139 ",-,4
2019-08-23,90,93,In The Aisles,MBox,$349 ,156.60%,1,-,$349 ,"$25,881 ",-,11
2019-08-23,91,95,That Part Feeling,FM,$340 ,155.60%,1,-,$340 ,"$8,812 ",-,11
2019-08-23,85,-,Meeting Gorbachev,1091,$991 ,-,3,-,$330 ,"$251,039 ",-,17
2019-08-23,93,73,Journey to the South Pacific,IMAX,$279 ,-82.30%,1,-,$279 ,"$7,651,546 ",-,273
2019-08-23,70,62,Sword of Trust,IFC,"$3,425 ",-53.40%,14,-1,$245 ,"$321,425 ",-,7
2019-08-23,94,66,Olivia,Icar.,$177 ,-95.50%,1,-2,$177 ,"$7,315 ",-,2
2019-08-23,95,-,Zilla and Zoe,Indic.,$169 ,-,1,-,$169 ,"$38,778 ",-,13
2019-08-23,87,63,Ode to Joy,IFC,$759 ,-88.60%,5,-11,$152 ,"$16,953 ",-,3
2019-08-23,92,72,Them That Follow,1091,$336 ,-84.50%,4,-18,$84 ,"$158,973 ",-,4
2019-08-23,96,99,Born to Be Wild (IMAX),WB,$137 ,107.60%,2,-,$69 ,"$25,898,385 ",-,438
2019-08-23,97,89,The Queen (2019 re-release),KL,$134 ,-43.20%,2,1,$67 ,"$42,452 ",-,9
2019-08-23,98,97,A Beautiful Planet,IMAX,$28 ,-73.30%,2,-,$14 ,"$15,554,080 ",-,174
2019-08-16,60,N,End of the Century (2019),CGld,"$10,063 ",-,1,-,"$10,063 ","$10,063 ",-,1
2019-08-16,1,N,Good Boys,Uni.,"$21,402,605 ",-,"3,204",-,"$6,680 ","$21,402,605 ",$20 ,1
2019-08-16,20,22,The Peanut Butter Falcon,RAtt.,"$287,712 ",40.50%,49,32,"$5,872 ","$583,902 ",-,2
2019-08-16,59,56,Jay Myself,Osci.,"$11,512 ",6.30%,2,1,"$5,756 ","$69,541 ",-,3
2019-08-16,31,N,Line Walker 2 Invisible Spy,WGUSA,"$96,991 ",-,17,-,"$5,705 ","$96,991 ",-,1
2019-08-16,16,N,Mission Mangal,FIP,"$1,365,006 ",-,263,-,"$5,190 ","$1,522,399 ",-,1
2019-08-16,52,N,Aquarela,SPC,"$24,753 ",-,5,-,"$4,951 ","$24,753 ",-,1
2019-08-16,35,31,Exit,CJ,"$60,724 ",-26.80%,13,-6,"$4,671 ","$263,873 ",-,3
2019-08-16,61,-,War and Peace (2019 re-release),Jan.,"$7,908 ",-,2,-,"$3,954 ","$134,686 ",-,23
2019-08-16,2,1,Fast & Furious Presents: Hobbs & Shaw,Uni.,"$14,179,135 ",-43.90%,"3,757",-587,"$3,774 ","$133,780,735 ",$200 ,3
2019-08-16,3,3,The Lion King (2019),BV,"$12,332,686 ",-39.00%,"3,560",-660,"$3,464 ","$496,540,672 ",$260 ,5
2019-08-16,33,38,After the Wedding (2019),SPC,"$84,287 ",67.70%,26,21,"$3,242 ","$156,528 ",-,2
2019-08-16,5,2,Scary Stories to Tell in the Dark,LGF,"$10,008,009 ",-52.10%,"3,135",-,"$3,192 ","$40,174,793 ",$25 ,2
2019-08-16,8,5,Once Upon a Time in Hollywood,Sony,"$7,681,355 ",-34.10%,"2,504","-1,003","$3,068 ","$114,429,567 ",$90 ,4
2019-08-16,7,N,47 Meters Down: Uncaged,ENTMP,"$8,427,265 ",-,"2,853",-,"$2,954 ","$8,427,265 ",$12 ,1
2019-08-16,69,60,Unplanned,PFR,"$2,896 ",-44.80%,1,-,"$2,896 ","$18,997,270 ",$6 ,21
2019-08-16,64,N,Buñuel in the Labyrinth of the Turtles,GK,"$5,691 ",-,2,-,"$2,846 ","$9,919 ",-,1
2019-08-16,27,25,Luce,Neon,"$164,660 ",22.70%,58,34,"$2,839 ","$531,097 ",-,3
2019-08-16,65,N,Los Reyes,Ghop,"$5,661 ",-,2,-,"$2,831 ","$5,661 ",-,1
2019-08-16,4,N,The Angry Birds Movie 2,Sony,"$10,354,073 ",-,"3,869",-,"$2,676 ","$16,091,219 ",$65 ,1
2019-08-16,40,54,One Child Nation,Amazon,"$47,715 ",132.50%,18,16,"$2,651 ","$77,514 ",-,2
2019-08-16,71,-,Christ Stopped at Eboli (re-release),Rialto,"$2,646 ",-,1,-,"$2,646 ","$71,602 ",-,20
2019-08-16,23,N,Batla House,VPD,"$212,645 ",-,81,-,"$2,625 ","$259,167 ",-,1
2019-08-16,26,19,Menteur,EOne,"$171,623 ",-20.50%,70,-1,"$2,452 ","$3,999,729 ",-,6
2019-08-16,6,4,Dora and the Lost City of Gold,Par.,"$8,567,251 ",-50.90%,"3,735",-,"$2,294 ","$33,976,975 ",$49 ,2
2019-08-16,46,41,The Fighting Preacher,Purd.,"$37,017 ",-20.50%,19,-13,"$1,948 ","$482,316 ",-,4
2019-08-16,36,32,Tel Aviv on Fire,Cohen,"$60,001 ",-14.60%,31,3,"$1,936 ","$233,528 ",-,3
2019-08-16,44,N,The Divine Fury,WGUSA,"$43,863 ",-,23,-,"$1,907 ","$43,863 ",-,1
2019-08-16,10,N,Blinded By the Light,WB,"$4,333,305 ",-,"2,307",-,"$1,878 ","$4,333,305 ",-,1
2019-08-16,12,8,Spider-Man: Far from Home,Sony,"$2,801,816 ",-46.90%,"1,515","-1,163","$1,849 ","$376,676,361 ",$160 ,7
2019-08-16,53,N,Cold Case Hammarskjöld,Magn.,"$18,285 ",-,10,-,"$1,829 ","$18,285 ",-,1
2019-08-16,38,47,Honeyland,Neon,"$55,439 ",60.50%,32,20,"$1,732 ","$210,163 ",-,4
2019-08-16,14,9,Toy Story 4,BV,"$2,151,203 ",-52.50%,"1,245","-1,050","$1,728 ","$424,413,510 ",-,9
2019-08-16,15,12,The Farewell,A24,"$1,485,124 ",-29.20%,861,157,"$1,725 ","$12,817,019 ",-,6
2019-08-16,22,18,Maiden,SPC,"$258,285 ",-,154,-19,"$1,677 ","$2,248,830 ",-,8
2019-08-16,67,69,A Brother's Love,EOne,"$3,330 ",28.00%,2,-1,"$1,665 ","$510,410 ",-,11
2019-08-16,9,6,The Art of Racing in the Rain,Fox,"$4,571,948 ",-43.80%,"2,765",-,"$1,654 ","$17,050,136 ",-,2
2019-08-16,73,73,Journey to the South Pacific,IMAX,"$1,576 ",-11.10%,1,-,"$1,576 ","$7,650,451 ",-,271
2019-08-16,68,74,The Chambermaid (2019),KL,"$2,917 ",76.60%,2,-1,"$1,459 ","$72,652 ",-,8
2019-08-16,11,N,"Where'd You Go, Bernadette",UAR,"$3,462,308 ",-,"2,404",-,"$1,440 ","$3,462,308 ",-,1
2019-08-16,19,14,Aladdin (2019),BV,"$315,889 ",-60.60%,225,-390,"$1,404 ","$353,530,157 ",$183 ,13
2019-08-16,45,37,The Last Black Man in San Francisco,A24,"$39,047 ",-28.90%,29,-23,"$1,346 ","$4,487,574 ",-,11
2019-08-16,66,N,Olivia,Icar.,"$3,948 ",-,3,-,"$1,316 ","$3,948 ",-,1
2019-08-16,75,-,Long Day's Journey Into Night (2019),KL,"$1,282 ",-,1,-,"$1,282 ","$488,315 ",-,19
2019-08-16,32,23,Midsommar,A24,"$91,287 ",-44.80%,75,-75,"$1,217 ","$25,922,759 ",-,7
2019-08-16,43,36,The Nightingale (2019),IFC,"$44,759 ",-22.90%,39,12,"$1,148 ","$183,607 ",-,3
2019-08-16,18,13,Yesterday,Uni.,"$569,615 ",-49.50%,502,-364,"$1,135 ","$71,663,010 ",$26 ,8
2019-08-16,42,30,David Crosby: Remember My Name,SPC,"$46,432 ",-44.00%,41,-6,"$1,132 ","$386,885 ",-,5
2019-08-16,79,59,The Other Story,Strand,"$1,112 ",-80.90%,1,-7,"$1,112 ","$118,683 ",-,8
2019-08-16,21,16,The Secret Life of Pets 2,Uni.,"$264,995 ",-35.10%,242,-160,"$1,095 ","$157,091,985 ",$80 ,11
2019-08-16,25,15,Crawl,Par.,"$188,005 ",-74.70%,174,-583,"$1,080 ","$38,627,299 ",$13.50 ,6
2019-08-16,51,42,Pavarotti,CBS,"$25,056 ",-43.80%,25,-23,"$1,002 ","$4,600,249 ",-,11
2019-08-16,28,26,John Wick: Chapter 3 - Parabellum,LG/S,"$133,913 ",3.20%,148,-26,$905 ,"$170,669,871 ",-,14
2019-08-16,48,28,The Bravest,Sony,"$29,779 ",-73.00%,33,-117,$902 ,"$243,630 ",-,2
2019-08-16,37,39,Toni Morrison: The Pieces I Am,Magn.,"$58,149 ",18.90%,69,27,$843 ,"$729,630 ",-,9
2019-08-16,47,44,Mike Wallace is Here,Magn.,"$30,876 ",-19.90%,38,6,$813 ,"$188,582 ",-,4
2019-08-16,13,7,The Kitchen (2019),WB (NL),"$2,208,290 ",-60.00%,"2,745",-,$804 ,"$10,375,575 ",$38 ,2
2019-08-16,57,46,Wild Rose,Neon,"$13,675 ",-62.40%,17,-21,$804 ,"$1,615,405 ",-,9
2019-08-16,50,33,Echo in the Canyon,Greenwich,"$27,040 ",-60.40%,35,-25,$773 ,"$3,248,039 ",-,13
2019-08-16,83,-,Iyengar,KL,$750 ,-,1,-,$750 ,"$166,280 ",-,19
2019-08-16,17,11,Brian Banks,BST,"$708,502 ",-67.10%,980,-260,$723 ,"$3,749,367 ",-,2
2019-08-16,30,21,Avengers: Endgame,BV,"$100,749 ",-52.00%,148,-89,$681 ,"$858,142,395 ",$356 ,17
2019-08-16,34,27,Men in Black International,Sony,"$77,705 ",-33.20%,116,-43,$670 ,"$79,538,167 ",$110 ,10
2019-08-16,29,24,Rocketman,Par.,"$101,715 ",-31.60%,160,-21,$636 ,"$96,089,685 ",$40 ,12
2019-08-16,55,48,Biggest Little Farm,Neon,"$16,929 ",-43.70%,27,-17,$627 ,"$4,338,194 ",-,15
2019-08-16,85,67,Lost & Found,HyperFilm,$619 ,-79.30%,1,-1,$619 ,"$125,137 ",-,21
2019-08-16,77,-,Hyenas (2019 re-release),Metrograph,"$1,223 ",-,2,-,$612 ,"$18,918 ",-,16
2019-08-16,78,72,All Is True,SPC,"$1,157 ",-41.80%,2,-3,$579 ,"$1,199,066 ",-,15
2019-08-16,24,10,Bring the Soul: The Movie,Trafalgar,"$200,008 ",-91.60%,354,-519,$565 ,"$4,809,800 ",-,2
2019-08-16,58,52,The Other Side of Heaven 2: Fire of Faith,AAE,"$11,639 ",-46.20%,21,-4,$554 ,"$1,646,705 ",-,8
2019-08-16,39,17,Annabelle Comes Home,WB (NL),"$54,707 ",-80.00%,102,-244,$536 ,"$72,581,844 ",-,8
2019-08-16,70,64,Under the Sea 3D,WB,"$2,681 ",-17.30%,5,1,$536 ,"$36,162,401 ",-,549
2019-08-16,41,34,Godzilla: King of the Monsters,WB,"$47,261 ",-30.60%,95,-26,$497 ,"$110,429,154 ",$170 ,12
2019-08-16,62,50,Sword of Trust,IFC,"$7,355 ",-73.60%,15,-50,$490 ,"$312,234 ",-,6
2019-08-16,56,51,Late Night,Amazon,"$14,974 ",-43.20%,32,-9,$468 ,"$15,482,660 ",-,11
2019-08-16,87,-,Walking on Water,KL,$446 ,-,1,-,$446 ,"$98,358 ",-,14
2019-08-16,49,45,Marianne & Leonard: Words of Love,RAtt.,"$27,062 ",-26.40%,65,2,$416 ,"$844,953 ",-,7
2019-08-16,63,61,Ode to Joy,IFC,"$6,644 ",86.20%,16,14,$415 ,"$13,034 ",-,2
2019-08-16,81,80,The Ground Beneath My Feet,Strand,$773 ,-32.80%,2,1,$387 ,"$16,190 ",-,4
2019-08-16,82,76,Free Trip to Egypt,INDEP,$771 ,-48.10%,2,-1,$386 ,"$32,335 ",-,12
2019-08-16,74,68,The Mountain,KL,"$1,462 ",-48.40%,4,-2,$366 ,"$48,871 ",-,4
2019-08-16,54,35,Stuber,Fox,"$17,321 ",-72.30%,50,-60,$346 ,"$22,297,219 ",-,6
2019-08-16,80,71,Be Natural: The Untold Story of Alice Guy-Blaché,Zeit.,$987 ,-55.10%,3,-4,$329 ,"$90,576 ",-,18
2019-08-16,86,90,Grateful Dead Meet-Up 2019,Trafalgar,$550 ,848.30%,2,1,$275 ,"$520,663 ",-,3
2019-08-16,89,-,The Queen (2019 re-release),KL,$236 ,-,1,-,$236 ,"$36,220 ",-,8
2019-08-16,76,75,Bethany Hamilton: Unstoppable,ENTMP,"$1,279 ",-22.10%,6,-,$213 ,"$583,814 ",-,6
2019-08-16,91,-,A Faithful Man,KL,$182 ,-,1,-,$182 ,"$46,512 ",-,5
2019-08-16,93,82,In The Aisles,MBox,$136 ,-74.80%,1,-,$136 ,"$25,490 ",-,10
2019-08-16,94,-,Shadow,WGUSA,$134 ,-,1,-,$134 ,"$521,396 ",-,16
2019-08-16,95,86,That Part Feeling,FM,$133 ,-63.20%,1,-,$133 ,"$7,664 ",-,9
2019-08-16,96,-,The Competition (2019),Metrograph,$121 ,-,1,-,$121 ,"$15,425 ",-,19
2019-08-16,88,58,Piranhas,MBox,$237 ,-96.50%,2,-8,$119 ,"$16,704 ",-,3
2019-08-16,90,85,"Cassandro, the Exotico!",FM,$223 ,-45.90%,2,-,$112 ,"$11,790 ",-,5
2019-08-16,72,29,Them That Follow,1091,"$2,171 ",-97.50%,22,-173,$99 ,"$157,199 ",-,3
2019-08-16,98,-,Rojo,Distrib.,$97 ,-,1,-,$97 ,"$73,247 ",-,6
2019-08-16,84,40,ECCO,Citadel,$623 ,-98.70%,7,-148,$89 ,"$85,563 ",-,2
2019-08-16,92,-,Diamantino,KL,$156 ,-,2,-,$78 ,"$67,813 ",-,13
2019-08-16,97,91,A Beautiful Planet,IMAX,$105 ,377.30%,2,-,$53 ,"$15,553,931 ",-,173
2019-08-16,99,-,Born to Be Wild (IMAX),WB,$66 ,-,2,-,$33 ,"$25,898,248 ",-,437
2019-08-09,22,N,The Peanut Butter Falcon,RAtt.,"$204,793 ",-,17,-,"$12,047 ","$204,793 ",-,1
2019-08-09,56,47,Jay Myself,Osci.,"$10,828 ",-42.70%,1,-,"$10,828 ","$48,813 ",-,2
2019-08-09,54,N,One Child Nation,Amazon,"$20,523 ",-,2,-,"$10,262 ","$20,523 ",-,1
2019-08-09,38,N,After the Wedding (2019),SPC,"$50,264 ",-,5,-,"$10,053 ","$50,264 ",-,1
2019-08-09,2,N,Scary Stories to Tell in the Dark,LGF,"$20,915,346 ",-,"3,135",-,"$6,672 ","$20,915,346 ",$25 ,1
2019-08-09,1,1,Fast & Furious Presents: Hobbs & Shaw,Uni.,"$25,265,795 ",-57.90%,"4,344",91,"$5,816 ","$108,379,575 ",$200 ,2
2019-08-09,25,20,Luce,Neon,"$134,168 ",0.90%,24,19,"$5,590 ","$307,576 ",-,2
2019-08-09,60,55,Unplanned,PFR,"$5,247 ",-43.60%,1,-7,"$5,247 ","$18,994,212 ",$6 ,20
2019-08-09,3,2,The Lion King (2019),BV,"$20,205,322 ",-47.50%,"4,220",-582,"$4,788 ","$473,309,148 ",$260 ,4
2019-08-09,4,N,Dora and the Lost City of Gold,Par.,"$17,431,588 ",-,"3,735",-,"$4,667 ","$17,431,588 ",$49 ,1
2019-08-09,31,43,Exit,CJ,"$82,903 ",155.60%,19,17,"$4,363 ","$134,254 ",-,2
2019-08-09,5,3,Once Upon a Time in Hollywood,Sony,"$11,652,652 ",-41.80%,"3,507",-152,"$3,323 ","$100,384,022 ",$90 ,3
2019-08-09,66,52,The White Storm II,CMC,"$3,168 ",-72.50%,1,-4,"$3,168 ","$606,377 ",-,5
2019-08-09,19,18,Menteur,EOne,"$215,789 ",0.10%,71,-5,"$3,039 ","$3,691,747 ",-,5
2019-08-09,12,7,The Farewell,A24,"$2,097,213 ",-13.10%,704,295,"$2,979 ","$10,201,644 ",-,5
2019-08-09,6,N,The Art of Racing in the Rain,Fox,"$8,137,584 ",-,"2,765",-,"$2,943 ","$8,137,584 ",-,1
2019-08-09,47,40,Honeyland,Neon,"$34,539 ",-3.80%,12,7,"$2,878 ","$131,731 ",-,3
2019-08-09,10,N,Bring the Soul: The Movie,Trafalgar,"$2,383,604 ",-,873,-,"$2,730 ","$4,505,147 ",-,1
2019-08-09,32,37,Tel Aviv on Fire,Cohen,"$70,237 ",47.70%,28,17,"$2,508 ","$138,804 ",-,2
2019-08-09,70,N,La flor,Ghop,"$2,308 ",-,1,-,"$2,308 ","$2,308 ",-,1
2019-08-09,53,N,Wicked Witches,Noct.,"$21,600 ",-,10,-,"$2,160 ","$21,600 ",-,1
2019-08-09,36,41,The Nightingale (2019),IFC,"$58,066 ",61.80%,27,25,"$2,151 ","$106,025 ",-,2
2019-08-09,7,N,The Kitchen (2019),WB (NL),"$5,527,410 ",-,"2,745",-,"$2,014 ","$5,527,410 ",$38 ,1
2019-08-09,9,5,Toy Story 4,BV,"$4,525,439 ",-38.40%,"2,295",-930,"$1,972 ","$419,703,807 ",-,8
2019-08-09,8,4,Spider-Man: Far from Home,Sony,"$5,277,572 ",-33.20%,"2,678",-768,"$1,971 ","$370,950,062 ",$160 ,6
2019-08-09,61,N,Ode to Joy,IFC,"$3,568 ",-,2,-,"$1,784 ","$3,568 ",-,1
2019-08-09,73,-,Journey to the South Pacific,IMAX,"$1,772 ",-,1,-,"$1,772 ","$7,647,100 ",-,269
2019-08-09,30,28,David Crosby: Remember My Name,SPC,"$82,914 ",15.00%,47,18,"$1,764 ","$295,453 ",-,4
2019-08-09,11,N,Brian Banks,BST,"$2,156,272 ",-,"1,240",-,"$1,739 ","$2,156,272 ",-,1
2019-08-09,65,N,Dying to Survive,CL,"$3,238 ",-,2,-,"$1,619 ","$3,238 ",-,1
2019-08-09,55,59,"Love, Antosha",Lurk,"$11,200 ",56.60%,7,6,"$1,600 ","$19,880 ",-,2
2019-08-09,67,64,Lost & Found,HyperFilm,"$2,996 ",-29.90%,2,-1,"$1,498 ","$123,456 ",-,20
2019-08-09,18,17,Maiden,SPC,"$258,285 ",15.60%,173,42,"$1,493 ","$1,921,197 ",-,7
2019-08-09,41,34,The Fighting Preacher,Purd.,"$46,564 ",-15.50%,32,-5,"$1,455 ","$387,526 ",-,3
2019-08-09,13,6,Yesterday,Uni.,"$1,129,040 ",-54.30%,866,-971,"$1,304 ","$70,483,770 ",$26 ,7
2019-08-09,14,9,Aladdin (2019),BV,"$801,338 ",-62.30%,615,-755,"$1,303 ","$352,756,605 ",$183 ,12
2019-08-09,44,36,Mike Wallace is Here,Magn.,"$38,550 ",-21.50%,32,11,"$1,205 ","$139,182 ",-,3
2019-08-09,79,81,The River and the Wall,Grav.,"$1,165 ",49.70%,1,-,"$1,165 ","$175,773 ",-,15
2019-08-09,39,53,Toni Morrison: The Pieces I Am,Magn.,"$48,904 ",351.10%,42,19,"$1,164 ","$638,453 ",-,8
2019-08-09,80,62,The Ground Beneath My Feet,Strand,"$1,150 ",-75.80%,1,-3,"$1,150 ","$14,940 ",-,3
2019-08-09,33,25,Echo in the Canyon,Greenwich,"$68,338 ",-20.40%,60,-44,"$1,139 ","$3,194,494 ",-,12
2019-08-09,23,13,Midsommar,A24,"$165,374 ",-59.70%,150,-231,"$1,102 ","$25,690,588 ",-,6
2019-08-09,62,-,The Silence of Others,Argo.,"$3,279 ",-,3,-,"$1,093 ","$66,332 ",-,14
2019-08-09,37,23,The Last Black Man in San Francisco,A24,"$54,880 ",-38.90%,52,-22,"$1,055 ","$4,404,330 ",-,10
2019-08-09,81,85,Babylon (2019 re-release),KL,"$1,033 ",96.80%,1,-,"$1,033 ","$109,749 ",-,23
2019-08-09,16,11,The Secret Life of Pets 2,Uni.,"$408,095 ",-45.00%,402,-377,"$1,015 ","$156,576,550 ",$80 ,10
2019-08-09,15,8,Crawl,Par.,"$743,685 ",-66.00%,757,"-1,963",$982 ,"$38,113,759 ",$13.50 ,5
2019-08-09,46,33,Wild Rose,Neon,"$36,344 ",-35.60%,38,-49,$956 ,"$1,586,359 ",-,8
2019-08-09,42,24,Pavarotti,CBS,"$44,612 ",-48.20%,48,-46,$929 ,"$4,533,552 ",-,10
2019-08-09,21,14,Avengers: Endgame,BV,"$209,992 ",-45.20%,237,-183,$886 ,"$857,929,760 ",$356 ,16
2019-08-09,69,61,A Brother's Love,EOne,"$2,601 ",-48.90%,3,-1,$867 ,"$503,443 ",-,10
2019-08-09,52,42,The Other Side of Heaven 2: Fire of Faith,AAE,"$21,623 ",-37.50%,25,-5,$865 ,"$1,612,549 ",-,7
2019-08-09,24,15,Rocketman,Par.,"$148,723 ",-49.40%,181,-337,$822 ,"$95,899,640 ",$40 ,11
2019-08-09,63,60,Hampstead,IFC,"$3,254 ",-45.20%,4,-3,$814 ,"$142,333 ",-,9
2019-08-09,64,-,Under the Sea 3D,WB,"$3,242 ",-,4,-,$811 ,"$36,152,803 ",-,548
2019-08-09,17,10,Annabelle Comes Home,WB (NL),"$273,556 ",-68.90%,346,-573,$791 ,"$72,400,843 ",-,7
2019-08-09,26,16,John Wick: Chapter 3 - Parabellum,LG/S,"$129,798 ",-46.70%,174,-165,$746 ,"$170,467,365 ",-,13
2019-08-09,28,N,The Bravest,Sony,"$110,375 ",-,150,-,$736 ,"$110,375 ",-,1
2019-08-09,27,19,Men in Black International,Sony,"$116,272 ",-28.80%,159,-92,$731 ,"$79,405,451 ",$110 ,9
2019-08-09,59,50,The Other Story,Strand,"$5,819 ",-50.50%,8,-3,$727 ,"$114,649 ",-,7
2019-08-09,77,-,Last Year at Marienbad (2019 re-release),Jan.,"$1,395 ",-,2,-,$698 ,"$58,497 ",-,13
2019-08-09,48,35,Biggest Little Farm,Neon,"$30,056 ",-44.00%,44,-9,$683 ,"$4,299,364 ",-,14
2019-08-09,58,67,Piranhas,MBox,"$6,728 ",132.20%,10,9,$673 ,"$11,615 ",-,2
2019-08-09,51,38,Late Night,Amazon,"$26,353 ",-43.20%,41,-45,$643 ,"$15,451,856 ",-,10
2019-08-09,78,71,The Cure - Anniversary 1978-2018 Live in Hyde Park,Trafalgar,"$1,203 ",-14.20%,2,1,$602 ,"$378,405 ",-,5
2019-08-09,45,27,Marianne & Leonard: Words of Love,RAtt.,"$36,780 ",-49.80%,63,-38,$584 ,"$786,846 ",-,6
2019-08-09,35,12,Stuber,Fox,"$62,574 ",-89.10%,110,-970,$569 ,"$22,254,497 ",-,5
2019-08-09,34,21,Godzilla: King of the Monsters,WB,"$68,081 ",-44.70%,121,-71,$563 ,"$110,346,372 ",$170 ,11
2019-08-09,74,-,The Chambermaid (2019),KL,"$1,652 ",-,3,-,$551 ,"$68,194 ",-,7
2019-08-09,82,78,In The Aisles,MBox,$540 ,-43.00%,1,-1,$540 ,"$25,354 ",-,9
2019-08-09,76,66,Free Trip to Egypt,INDEP,"$1,485 ",-54.10%,3,-1,$495 ,"$29,957 ",-,11
2019-08-09,68,51,The Mountain,KL,"$2,831 ",-75.60%,6,-9,$472 ,"$44,681 ",-,3
2019-08-09,29,48,Them That Follow,1091,"$85,669 ",552.10%,195,192,$439 ,"$101,889 ",-,2
2019-08-09,50,30,Sword of Trust,IFC,"$27,808 ",-54.50%,65,-13,$428 ,"$292,390 ",-,5
2019-08-09,84,74,Three Peaks,Greenwich,$416 ,-64.00%,1,-3,$416 ,"$16,216 ",-,7
2019-08-09,72,72,All Is True,SPC,"$1,988 ",46.50%,5,2,$398 ,"$1,196,697 ",-,14
2019-08-09,49,22,Dark Phoenix,Fox,"$29,797 ",-70.30%,80,-45,$372 ,"$65,825,625 ",-,10
2019-08-09,86,84,That Part Feeling,FM,$361 ,-39.10%,1,-,$361 ,"$7,531 ",-,7
2019-08-09,43,29,Pokemon Detective Pikachu,WB,"$40,279 ",-39.60%,113,-21,$356 ,"$144,080,862 ",$150 ,14
2019-08-09,20,N,TCM: Hello Dolly! 50th Anniversary,Fathom,"$214,568 ",-,669,-,$321 ,"$214,568 ",-,1
2019-08-09,71,80,Be Natural: The Untold Story of Alice Guy-Blaché,Zeit.,"$2,198 ",181.10%,7,4,$314 ,"$88,967 ",-,17
2019-08-09,40,N,ECCO,Citadel,"$48,205 ",-,155,-,$311 ,"$48,205 ",-,1
2019-08-09,57,39,Shaft (2019),WB (NL),"$9,611 ",-77.10%,35,-73,$275 ,"$21,355,793 ",-,9
2019-08-09,75,57,Bethany Hamilton: Unstoppable,ENTMP,"$1,641 ",-81.20%,6,-18,$274 ,"$581,527 ",-,5
2019-08-09,83,82,Loopers: The Caddie's Long Walk,Grav.,$515 ,-32.90%,2,1,$258 ,"$90,512 ",-,10
2019-08-09,85,79,"Cassandro, the Exotico!",FM,$412 ,-50.70%,2,-1,$206 ,"$11,113 ",-,4
2019-08-09,87,86,The Fall of the American Empire,EOne,$188 ,-63.60%,1,-2,$188 ,"$2,178,148 ",-,35
2019-08-09,88,-,The Wandering Soap Opera,CGld,$92 ,-,1,-,$92 ,"$3,597 ",-,12
2019-08-09,89,-,Galapagos (IMAX),IMAX,$65 ,-,1,-,$65 ,"$18,627,817 ",-,924
2019-08-09,90,65,Grateful Dead Meet-Up 2019,Trafalgar,$58 ,-98.50%,1,-3,$58 ,"$511,376 ",-,2
2019-08-09,91,-,A Beautiful Planet,IMAX,$22 ,-,2,-,$11 ,"$15,552,381 ",-,172